Date,CO2
3/29/1958,316.19
4/5/1958,317.31
4/12/1958,317.69
4/19/1958,317.58
4/26/1958,316.48
5/3/1958,316.95
5/17/1958,317.56
5/24/1958,317.99
7/5/1958,315.85
7/12/1958,315.85
7/19/1958,315.46
7/26/1958,315.59
8/2/1958,315.64
8/9/1958,315.1
8/16/1958,315.09
8/30/1958,314.14
9/6/1958,313.54
11/8/1958,313.05
11/15/1958,313.26
11/22/1958,313.57
11/29/1958,314.01
12/6/1958,314.56
12/13/1958,314.41
12/20/1958,314.77
12/27/1958,315.21
1/3/1959,315.24
1/10/1959,315.5
1/17/1959,315.69
1/24/1959,315.86
1/31/1959,315.42
2/14/1959,316.94
2/21/1959,316.61
2/28/1959,316.62
3/7/1959,316.81
3/21/1959,316.73
3/28/1959,316.71
4/4/1959,317.72
4/11/1959,317.12
4/18/1959,317.64
4/25/1959,318.32
5/2/1959,318.27
5/9/1959,318.78
5/16/1959,318.05
5/23/1959,318.43
6/6/1959,318.53
6/13/1959,318.14
6/20/1959,317.88
6/27/1959,317.76
7/4/1959,316.86
7/11/1959,316.83
7/18/1959,316.45
7/25/1959,316.16
8/1/1959,315.62
8/8/1959,314.91
8/22/1959,315
8/29/1959,314.15
9/5/1959,314.45
9/12/1959,313.93
9/19/1959,313.57
9/26/1959,313.54
10/3/1959,313.04
10/10/1959,313.15
10/17/1959,313.43
10/24/1959,313.46
10/31/1959,314.12
11/7/1959,314.42
11/14/1959,314.88
11/21/1959,315.2
11/28/1959,315.11
12/5/1959,315.06
12/12/1959,315.64
12/19/1959,315.86
12/26/1959,315.77
1/2/1960,315.72
1/9/1960,316.4
1/16/1960,316.73
1/23/1960,316.57
1/30/1960,316.68
2/6/1960,316.61
2/13/1960,316.98
2/20/1960,317.42
2/27/1960,317
3/5/1960,316.96
3/12/1960,317.76
3/19/1960,318.07
3/26/1960,317.77
4/2/1960,318.61
4/9/1960,319.34
4/16/1960,319.01
4/23/1960,319.03
4/30/1960,319.77
5/7/1960,319.96
5/14/1960,319.82
5/21/1960,320.04
5/28/1960,320.06
6/4/1960,319.46
6/11/1960,320.08
6/18/1960,319.42
6/25/1960,319.09
7/2/1960,318.18
7/9/1960,318.64
7/16/1960,318.41
7/23/1960,317.91
7/30/1960,317.33
8/6/1960,316.62
8/13/1960,316.7
8/20/1960,315.1
8/27/1960,314.78
9/3/1960,314.72
9/10/1960,314.58
9/17/1960,314.28
9/24/1960,313.33
10/1/1960,313.66
10/8/1960,313.32
10/15/1960,313.92
10/22/1960,314.21
10/29/1960,314.29
11/5/1960,314.5
11/12/1960,315.1
11/19/1960,315.1
11/26/1960,315.41
12/3/1960,315.84
12/10/1960,316.07
12/17/1960,316.21
12/24/1960,316.4
12/31/1960,316.67
1/7/1961,316.73
1/14/1961,317.02
1/21/1961,317.03
1/28/1961,317.01
2/4/1961,317.06
2/11/1961,317.75
2/18/1961,317.94
2/25/1961,318
3/4/1961,318.04
3/11/1961,318.51
3/18/1961,318.92
3/25/1961,318.71
4/1/1961,319.41
4/8/1961,319.55
4/15/1961,318.9
4/22/1961,319.74
4/29/1961,319.67
5/6/1961,320.67
5/13/1961,320.46
5/20/1961,320.61
5/27/1961,320.36
6/3/1961,320.09
6/10/1961,320.02
6/17/1961,319.62
6/24/1961,319.49
7/1/1961,319.26
7/8/1961,319.07
7/15/1961,318.49
7/22/1961,317.16
7/29/1961,317.97
8/5/1961,317.91
8/12/1961,317.33
8/19/1961,316.76
8/26/1961,315.26
9/2/1961,315.28
9/9/1961,314.97
9/16/1961,314.53
9/23/1961,315.06
9/30/1961,315.61
10/7/1961,314.97
10/14/1961,315.43
10/21/1961,315.48
10/28/1961,315.72
11/4/1961,315.82
11/11/1961,315.7
11/18/1961,316.21
11/25/1961,316.55
12/2/1961,316.52
12/9/1961,317.02
12/16/1961,316.94
12/23/1961,317.18
12/30/1961,317.46
1/6/1962,317.99
1/13/1962,318.12
1/20/1962,318.07
1/27/1962,317.78
2/3/1962,318.08
2/10/1962,318.35
2/17/1962,318.92
2/24/1962,319.38
3/3/1962,319.28
3/10/1962,319.46
3/17/1962,319.95
3/24/1962,319.78
3/31/1962,320.27
4/7/1962,320.26
4/14/1962,321.03
4/21/1962,320.78
4/28/1962,320.36
5/5/1962,320.89
5/12/1962,320.78
5/19/1962,321.05
5/26/1962,321.16
6/2/1962,320.91
6/9/1962,320.87
6/16/1962,320.52
6/23/1962,320.15
6/30/1962,320.23
7/7/1962,320.1
7/14/1962,319.95
7/21/1962,319.01
7/28/1962,318.75
8/4/1962,318.68
8/11/1962,317.24
8/18/1962,317.48
9/15/1962,316.65
9/22/1962,315.72
9/29/1962,315.92
10/6/1962,315.1
10/13/1962,315.4
10/20/1962,315.72
10/27/1962,315.78
11/3/1962,315.94
11/10/1962,316.49
11/17/1962,316.92
11/24/1962,317.08
12/1/1962,317.19
12/8/1962,317.31
12/15/1962,317.66
12/22/1962,318.18
1/5/1963,318.54
1/12/1963,318.73
1/19/1963,318.9
1/26/1963,318.82
2/2/1963,318.77
2/9/1963,318.95
2/23/1963,319.37
3/2/1963,319.35
3/9/1963,319.7
3/16/1963,319.8
3/23/1963,320.34
3/30/1963,320.29
4/6/1963,320.38
4/13/1963,320.96
4/20/1963,322.05
4/27/1963,321.92
5/11/1963,321.97
5/18/1963,322.28
5/25/1963,322.27
6/1/1963,322.32
6/8/1963,322.09
6/15/1963,321.83
6/22/1963,320.88
6/29/1963,320.49
7/6/1963,320.12
7/13/1963,319.82
7/20/1963,319.56
7/27/1963,319.06
8/3/1963,318.6
8/10/1963,318.27
8/17/1963,317.73
8/24/1963,317.12
8/31/1963,316.44
9/7/1963,316.81
9/14/1963,315.99
9/21/1963,316.03
9/28/1963,315.93
10/5/1963,316.28
10/12/1963,315.65
10/19/1963,316.14
10/26/1963,316.36
11/2/1963,316.63
11/9/1963,316.83
11/16/1963,317.13
11/30/1963,317.56
12/7/1963,318.07
12/14/1963,318.27
12/21/1963,318.59
12/28/1963,318.74
1/4/1964,319.04
1/11/1964,319.49
1/18/1964,319.88
5/30/1964,322.07
6/6/1964,322.06
6/27/1964,321.57
7/4/1964,321.14
7/11/1964,319.95
7/18/1964,320.28
7/25/1964,320.02
8/1/1964,319.14
8/15/1964,318.61
8/22/1964,318.23
8/29/1964,318.11
9/5/1964,317.48
9/12/1964,316.57
9/19/1964,315.59
9/26/1964,317.01
10/3/1964,316.93
10/10/1964,316.51
10/17/1964,316.86
10/24/1964,317.05
10/31/1964,317.65
11/7/1964,317.77
11/14/1964,317.65
11/21/1964,317.52
11/28/1964,318.11
12/5/1964,318.42
12/12/1964,318.58
12/19/1964,318.93
12/26/1964,318.91
1/2/1965,319.08
1/9/1965,319.17
1/16/1965,319.16
1/23/1965,319.79
1/30/1965,320.12
2/6/1965,320.2
2/13/1965,320.16
2/20/1965,320.7
2/27/1965,320.89
3/6/1965,321.07
3/13/1965,320.98
3/20/1965,320.49
3/27/1965,321.4
4/3/1965,321.95
4/10/1965,322.27
4/17/1965,322.17
4/24/1965,321.86
5/1/1965,322.46
5/8/1965,322.22
5/15/1965,321.94
5/22/1965,321.69
5/29/1965,322.26
6/5/1965,321.87
6/12/1965,321.77
6/19/1965,321.77
6/26/1965,321.99
7/3/1965,321.97
7/10/1965,321.85
7/17/1965,321.76
7/24/1965,320.47
7/31/1965,319.49
8/7/1965,319.47
8/14/1965,318.02
8/21/1965,318.82
8/28/1965,318.73
9/4/1965,318.39
9/11/1965,318.05
9/18/1965,318.26
9/25/1965,316.85
10/2/1965,316.6
10/9/1965,317.26
10/16/1965,317.86
10/23/1965,317.56
10/30/1965,317.63
11/6/1965,318.3
11/13/1965,319.26
11/20/1965,318.99
11/27/1965,319.17
12/4/1965,319.09
12/11/1965,319.37
12/18/1965,319.39
12/25/1965,319.7
1/1/1966,319.69
1/8/1966,320.49
1/15/1966,320.63
1/22/1966,321.09
1/29/1966,321.16
2/5/1966,321.26
2/12/1966,321.75
2/19/1966,321.67
2/26/1966,321.8
3/5/1966,322.1
3/12/1966,322.14
3/19/1966,322.57
3/26/1966,322.86
4/2/1966,323.55
4/9/1966,323.62
4/16/1966,323.88
4/23/1966,323.91
4/30/1966,323.53
5/7/1966,324
5/14/1966,324.1
5/21/1966,323.72
5/28/1966,324.31
6/4/1966,324.02
6/11/1966,323.88
6/18/1966,323.75
6/25/1966,323.32
7/2/1966,322.82
7/9/1966,322.9
8/6/1966,321.31
8/13/1966,320.85
8/20/1966,319.16
8/27/1966,319.64
9/3/1966,319.94
9/10/1966,318.22
9/17/1966,318.46
9/24/1966,318.31
10/1/1966,317.9
10/8/1966,317.9
10/15/1966,318.21
10/22/1966,318.61
10/29/1966,318.39
11/12/1966,319.59
11/19/1966,320.03
11/26/1966,320.24
12/3/1966,320.8
12/10/1966,320.87
12/17/1966,321.16
12/24/1966,321.31
12/31/1966,321.37
1/7/1967,321.92
1/14/1967,322.93
2/4/1967,322.19
2/11/1967,322.23
2/18/1967,322.86
2/25/1967,322.6
3/4/1967,322.94
3/11/1967,322.6
3/18/1967,323.33
3/25/1967,323.24
4/1/1967,323.15
4/8/1967,324.21
4/15/1967,324.41
4/22/1967,324.6
4/29/1967,325.16
5/6/1967,325.26
5/13/1967,324.78
5/20/1967,325.09
5/27/1967,324.94
6/3/1967,324.95
6/10/1967,324.65
6/17/1967,323.31
6/24/1967,323.5
7/1/1967,322.89
7/8/1967,322.85
7/15/1967,322.45
7/22/1967,322.4
7/29/1967,322.04
8/5/1967,321.65
8/12/1967,321.4
8/19/1967,320.48
8/26/1967,320.01
9/2/1967,320.07
9/9/1967,319.43
9/16/1967,319.35
9/23/1967,319.03
9/30/1967,318.81
10/7/1967,318.88
10/14/1967,319.86
10/21/1967,319.47
10/28/1967,319.86
11/4/1967,320.01
11/11/1967,320.34
11/18/1967,320.91
11/25/1967,321.54
12/2/1967,321.4
12/9/1967,321.89
12/16/1967,322.29
12/23/1967,321.98
12/30/1967,322.3
1/6/1968,322.46
1/13/1968,322.5
1/20/1968,322.59
1/27/1968,322.83
2/3/1968,322.66
2/10/1968,323.17
2/17/1968,323.46
2/24/1968,323.18
3/2/1968,323.15
3/9/1968,323.85
3/16/1968,323.85
3/23/1968,324.21
3/30/1968,324.77
4/6/1968,324.79
4/13/1968,325.04
4/20/1968,324.84
4/27/1968,325.45
5/4/1968,325.63
5/11/1968,325.09
5/18/1968,325.52
5/25/1968,325.86
6/1/1968,325.67
6/8/1968,325.71
6/15/1968,325.56
6/22/1968,324.99
6/29/1968,324.63
7/6/1968,324.7
7/13/1968,324.13
7/20/1968,323.94
7/27/1968,323.4
8/3/1968,322.49
8/10/1968,322.27
8/17/1968,322.02
8/24/1968,321.74
8/31/1968,321.42
9/7/1968,320.44
9/14/1968,321.18
9/21/1968,319.78
9/28/1968,319.89
10/5/1968,320.57
10/12/1968,320.52
10/19/1968,320.26
10/26/1968,319.92
11/2/1968,320.7
11/9/1968,320.89
11/16/1968,321.4
11/23/1968,321.78
11/30/1968,322.06
12/7/1968,322.44
12/14/1968,322.91
12/21/1968,323.33
12/28/1968,323.19
1/4/1969,323.39
1/11/1969,324.06
1/18/1969,324.36
1/25/1969,324.14
2/1/1969,324.16
2/8/1969,323.92
2/15/1969,324.37
2/22/1969,324.86
3/1/1969,325.14
3/8/1969,325.58
3/15/1969,325.72
3/22/1969,325.96
3/29/1969,325.89
4/5/1969,326.27
4/12/1969,327.13
4/19/1969,326.58
4/26/1969,326.57
5/3/1969,327.52
5/10/1969,327.82
5/17/1969,326.86
5/24/1969,326.92
5/31/1969,327.43
6/7/1969,326.51
6/14/1969,326.78
6/21/1969,326.73
6/28/1969,326.37
7/5/1969,326.16
7/12/1969,326.07
7/19/1969,325.72
7/26/1969,325.47
8/2/1969,324.5
8/9/1969,324.56
8/16/1969,323.14
8/23/1969,322.56
8/30/1969,323.14
9/6/1969,322.21
9/13/1969,322.79
9/20/1969,322.84
9/27/1969,321.96
10/4/1969,321.5
10/11/1969,321.82
10/18/1969,322
10/25/1969,321.93
11/1/1969,322.21
11/8/1969,322.64
11/15/1969,322.78
11/22/1969,323.1
11/29/1969,323.52
12/6/1969,323.91
12/13/1969,323.99
12/20/1969,324.22
12/27/1969,324.5
1/3/1970,324.7
1/10/1970,325.4
1/17/1970,325.05
1/24/1970,324.8
1/31/1970,325.55
2/7/1970,325.7
2/14/1970,326.02
2/21/1970,326.32
2/28/1970,326.17
3/7/1970,326.85
3/14/1970,326.8
3/21/1970,327.51
3/28/1970,326.95
4/4/1970,328.2
4/11/1970,327.84
4/18/1970,327.81
4/25/1970,328.55
5/2/1970,327.99
5/9/1970,327.56
5/16/1970,328.03
5/23/1970,328.33
5/30/1970,327.98
6/6/1970,327.55
6/13/1970,327.86
6/20/1970,327.71
6/27/1970,327.23
7/4/1970,327.29
7/11/1970,326.24
7/18/1970,326.28
7/25/1970,325.63
8/1/1970,325.24
8/8/1970,325.21
8/15/1970,324.86
8/22/1970,324.84
8/29/1970,323.33
9/5/1970,322.97
9/12/1970,323.58
9/19/1970,323.18
9/26/1970,323.15
10/3/1970,323.21
10/10/1970,323.56
10/17/1970,322.92
10/24/1970,323.02
10/31/1970,323.18
11/7/1970,323.69
11/14/1970,323.76
11/21/1970,324.23
11/28/1970,324.71
12/5/1970,324.73
12/12/1970,325
12/19/1970,325.29
12/26/1970,325.58
1/2/1971,325.77
1/9/1971,325.89
1/16/1971,325.9
1/23/1971,326.72
1/30/1971,326.68
2/6/1971,326.55
2/13/1971,326.49
2/20/1971,326.79
2/27/1971,327.05
3/6/1971,327.15
3/13/1971,327.34
3/20/1971,327.08
3/27/1971,327.45
4/3/1971,327.44
4/10/1971,327.1
4/17/1971,327.71
4/24/1971,328.56
5/1/1971,328.2
5/8/1971,329.07
5/15/1971,329.28
5/22/1971,328.92
5/29/1971,328.81
6/5/1971,328.56
6/12/1971,328.8
6/19/1971,328.18
6/26/1971,328.52
7/3/1971,327.92
7/10/1971,327.88
7/17/1971,327.55
7/24/1971,326.21
7/31/1971,326.74
8/7/1971,326.12
8/14/1971,325.61
8/21/1971,325.39
8/28/1971,324.04
9/4/1971,323.65
9/11/1971,323.51
9/18/1971,323.26
9/25/1971,323.3
10/2/1971,323.32
10/9/1971,322.95
10/16/1971,323.52
10/23/1971,323.69
10/30/1971,324.4
11/6/1971,324.36
11/13/1971,324.53
11/20/1971,325.04
11/27/1971,325.51
12/4/1971,325.38
12/11/1971,325.93
12/18/1971,326.28
12/25/1971,326.35
1/1/1972,326.61
1/8/1972,326.67
1/15/1972,326.62
1/22/1972,326.68
1/29/1972,327.24
2/5/1972,327.4
2/12/1972,327.95
2/19/1972,327.83
2/26/1972,327.42
3/4/1972,327.58
3/11/1972,327.16
3/18/1972,327.78
3/25/1972,328.62
4/1/1972,328.97
4/8/1972,329.47
4/15/1972,329.83
4/22/1972,330.13
4/29/1972,330.02
5/6/1972,330.04
5/13/1972,329.75
5/20/1972,330.11
5/27/1972,330.21
6/3/1972,329.71
6/10/1972,329.15
6/17/1972,329.04
6/24/1972,328.52
7/1/1972,328.63
7/8/1972,328.3
7/15/1972,327.72
7/22/1972,328.14
7/29/1972,327.51
8/5/1972,326.92
8/12/1972,326.66
8/19/1972,326.57
8/26/1972,325.05
9/2/1972,325.4
9/9/1972,325.77
9/16/1972,324.81
9/23/1972,324.26
9/30/1972,324.23
10/7/1972,324.88
10/14/1972,325.52
10/21/1972,325.11
10/28/1972,325.86
11/4/1972,326.32
11/11/1972,326.13
11/18/1972,326.44
11/25/1972,326.98
12/2/1972,326.94
12/9/1972,327.16
12/16/1972,327.6
12/23/1972,327.91
12/30/1972,328.26
1/6/1973,328.4
1/13/1973,328.44
1/20/1973,328.66
1/27/1973,328.86
2/3/1973,329.19
2/10/1973,329.53
2/17/1973,329.67
2/24/1973,329.7
3/3/1973,329.95
3/10/1973,330.11
3/17/1973,330.55
3/24/1973,330.83
3/31/1973,330.68
4/7/1973,331.22
4/14/1973,331.1
4/21/1973,331.94
4/28/1973,332.16
5/5/1973,332.21
5/12/1973,332.35
5/19/1973,332.63
5/26/1973,332.58
6/2/1973,332.27
6/9/1973,332.58
6/16/1973,332.02
6/23/1973,331.63
6/30/1973,331.43
7/7/1973,331.53
7/14/1973,331.07
7/21/1973,330.08
7/28/1973,330.13
8/4/1973,330.05
8/11/1973,329.54
8/18/1973,329.36
8/25/1973,328.53
9/1/1973,328.45
9/8/1973,327.65
9/15/1973,327.81
9/22/1973,327.1
9/29/1973,326.6
10/6/1973,327.05
10/13/1973,327.4
10/20/1973,327.48
10/27/1973,327.18
11/3/1973,327.59
11/10/1973,328.02
11/17/1973,328.2
11/24/1973,328.57
12/1/1973,329.05
12/8/1973,328.7
12/15/1973,328.65
12/22/1973,328.24
12/29/1973,328.71
1/5/1974,328.91
1/12/1974,329.29
1/19/1974,329.41
1/26/1974,329.85
2/2/1974,330.54
2/9/1974,330.81
2/16/1974,330.61
2/23/1974,330.68
3/2/1974,330.79
3/9/1974,331.2
3/16/1974,332.11
3/23/1974,332
3/30/1974,331.56
4/6/1974,332.47
4/13/1974,332.14
4/20/1974,332.93
4/27/1974,333.17
5/4/1974,332.95
5/11/1974,333.09
5/18/1974,333.27
5/25/1974,332.87
6/1/1974,332.93
6/8/1974,332.03
6/15/1974,332.03
6/22/1974,332.26
6/29/1974,331.73
7/6/1974,331.73
7/13/1974,331.29
7/20/1974,330.47
7/27/1974,331.02
8/3/1974,330.09
8/10/1974,329.92
8/17/1974,329.29
8/24/1974,328.97
8/31/1974,328.19
9/7/1974,328.03
9/14/1974,327.35
9/21/1974,326.91
9/28/1974,327.38
10/5/1974,327.39
10/12/1974,327.06
10/19/1974,327.56
10/26/1974,327.7
11/2/1974,327.99
11/9/1974,328.09
11/16/1974,328.83
11/23/1974,328.65
11/30/1974,328.75
12/7/1974,329.5
12/14/1974,329.73
12/21/1974,329.82
12/28/1974,329.78
1/4/1975,329.93
1/11/1975,329.82
1/18/1975,330.27
1/25/1975,331.13
2/1/1975,331.18
2/8/1975,331.47
2/15/1975,331
2/22/1975,331.72
3/1/1975,331.88
3/8/1975,331.61
3/15/1975,331.96
3/22/1975,332.27
3/29/1975,332.58
4/5/1975,333.03
4/12/1975,333.58
4/19/1975,333.54
4/26/1975,333.13
5/3/1975,333.94
5/10/1975,333.93
5/17/1975,333.76
5/24/1975,333.73
5/31/1975,334.13
6/7/1975,333.87
6/14/1975,333.38
6/21/1975,333.45
6/28/1975,333.19
7/5/1975,332.71
7/12/1975,332.05
7/19/1975,331.05
7/26/1975,331.57
8/2/1975,330.83
8/9/1975,330.7
8/16/1975,330.35
8/23/1975,329.3
8/30/1975,328.88
9/6/1975,329.45
9/13/1975,328.52
9/20/1975,328.09
9/27/1975,328.28
10/4/1975,328.03
10/11/1975,328.05
10/18/1975,328.57
10/25/1975,328.81
11/1/1975,329.35
11/8/1975,329.2
11/15/1975,329.17
11/22/1975,329.54
11/29/1975,330.14
12/6/1975,330.35
12/13/1975,330.54
12/20/1975,331.13
12/27/1975,331.29
1/3/1976,331.57
1/10/1976,331.51
1/17/1976,331.74
1/24/1976,331.87
1/31/1976,332.28
2/7/1976,332.19
2/14/1976,332.52
2/21/1976,333.26
2/28/1976,332.48
3/6/1976,332.81
3/13/1976,333.6
3/20/1976,333.14
3/27/1976,334.39
4/3/1976,334.73
4/10/1976,334.26
4/17/1976,334.42
4/24/1976,334.54
5/1/1976,334.74
5/8/1976,334.33
5/15/1976,334.6
5/22/1976,335.43
5/29/1976,334.87
6/5/1976,334.36
6/12/1976,334.63
6/19/1976,334.32
7/3/1976,333.66
7/10/1976,333.42
7/17/1976,332.85
7/24/1976,332.47
7/31/1976,332.13
8/7/1976,331.72
8/14/1976,330.65
8/21/1976,330.69
8/28/1976,330.09
9/4/1976,329.75
9/11/1976,330.09
9/18/1976,329.33
9/25/1976,328.42
10/2/1976,328.85
10/9/1976,329.06
10/16/1976,329.6
10/23/1976,329.17
10/30/1976,329.03
11/6/1976,329.84
11/13/1976,330.43
11/20/1976,330.59
11/27/1976,330.7
12/4/1976,331.15
12/11/1976,331.33
12/18/1976,331.92
12/25/1976,332.2
1/1/1977,332.58
1/8/1977,332.43
1/15/1977,333.14
1/22/1977,333.24
1/29/1977,333.22
2/5/1977,333.41
2/12/1977,333.33
2/19/1977,333.45
2/26/1977,333.63
3/5/1977,334.1
3/12/1977,334.67
3/19/1977,335.11
3/26/1977,335.02
4/2/1977,335.53
4/9/1977,335.94
4/16/1977,336.01
4/23/1977,336.12
4/30/1977,336.78
5/7/1977,336.8
5/14/1977,336.47
5/21/1977,336.84
5/28/1977,336.72
6/4/1977,336.49
6/11/1977,336.31
6/18/1977,336.19
6/25/1977,336.03
7/2/1977,335.59
7/9/1977,335.1
7/16/1977,335.11
7/23/1977,334.6
7/30/1977,333.76
8/6/1977,333.01
8/13/1977,332.98
8/20/1977,332.84
8/27/1977,332.85
9/3/1977,332.17
9/10/1977,331.21
9/17/1977,332.1
9/24/1977,330.96
10/1/1977,330.45
10/8/1977,330.95
10/15/1977,331.52
10/22/1977,331.52
10/29/1977,331.74
11/5/1977,332.13
11/12/1977,332.03
11/19/1977,332.59
11/26/1977,332.85
12/3/1977,333.2
12/10/1977,333.51
12/17/1977,333.85
12/24/1977,334.25
12/31/1977,334.67
1/7/1978,334.27
1/14/1978,334.63
1/21/1978,335.46
1/28/1978,335.94
2/4/1978,335
2/11/1978,335.13
2/18/1978,335.66
2/25/1978,335.7
3/4/1978,336.27
3/11/1978,336.1
3/18/1978,336.8
3/25/1978,337.39
4/1/1978,337.08
4/8/1978,337.99
4/15/1978,337.94
4/22/1978,337.47
4/29/1978,338.05
5/6/1978,338.07
5/13/1978,338.1
5/20/1978,337.82
5/27/1978,337.9
6/3/1978,338.48
6/10/1978,338.23
6/17/1978,337.86
6/24/1978,337.39
7/1/1978,337.69
7/8/1978,336.79
7/15/1978,336.72
7/22/1978,335.95
7/29/1978,335.69
8/5/1978,335.17
8/12/1978,334.84
8/19/1978,334.41
8/26/1978,334.37
9/2/1978,333.88
9/9/1978,332.88
9/16/1978,332.19
9/23/1978,332.38
9/30/1978,332.76
10/7/1978,332.1
10/14/1978,332.45
10/21/1978,333.02
10/28/1978,333.18
11/4/1978,333.58
11/11/1978,333.85
11/18/1978,333.88
11/25/1978,334.2
12/2/1978,334.52
12/9/1978,334.8
12/16/1978,335.15
12/23/1978,335.12
12/30/1978,335.32
1/6/1979,335.36
1/13/1979,335.97
1/20/1979,336.85
1/27/1979,336.95
2/3/1979,336.9
2/10/1979,336.54
2/17/1979,336.71
2/24/1979,336.79
3/3/1979,337.12
3/10/1979,337.79
3/17/1979,337.43
3/24/1979,339.02
3/31/1979,338.8
4/7/1979,338.17
4/14/1979,338.66
4/21/1979,339.25
4/28/1979,339.6
5/5/1979,339.3
5/12/1979,338.88
5/19/1979,339.86
5/26/1979,339.62
6/2/1979,339.93
6/9/1979,339.52
6/16/1979,338.9
6/23/1979,338.95
6/30/1979,339
7/7/1979,338.28
7/14/1979,337.82
7/21/1979,337.37
7/28/1979,336.84
8/4/1979,337.03
8/11/1979,336.59
8/18/1979,336.17
8/25/1979,334.56
9/1/1979,334.45
9/8/1979,334
9/15/1979,334.21
9/22/1979,333.28
9/29/1979,334.11
10/6/1979,334.1
10/13/1979,333.97
10/20/1979,333.74
10/27/1979,334.16
11/3/1979,334.73
11/10/1979,334.86
11/17/1979,335.59
11/24/1979,335.68
12/1/1979,335.99
12/8/1979,336.5
12/15/1979,336.77
12/22/1979,336.88
12/29/1979,337.4
1/5/1980,337.67
1/12/1980,337.48
1/19/1980,338.38
1/26/1980,338.49
2/2/1980,338.05
2/9/1980,338.14
2/16/1980,338.68
2/23/1980,338.26
3/1/1980,339.31
3/8/1980,339.54
3/15/1980,340.02
3/22/1980,340.54
3/29/1980,341.01
4/5/1980,340.41
4/12/1980,340.95
4/19/1980,340.75
4/26/1980,341.06
5/3/1980,341.52
5/10/1980,341.3
5/17/1980,341.38
5/24/1980,340.92
5/31/1980,341.72
6/7/1980,341.38
6/14/1980,341.39
6/21/1980,340.87
6/28/1980,340.4
7/5/1980,340.44
7/12/1980,339.78
7/19/1980,338.51
7/26/1980,338.92
8/2/1980,337.98
8/9/1980,337.77
8/16/1980,337.75
8/23/1980,337.79
8/30/1980,337.01
9/6/1980,336.65
9/13/1980,335.75
9/20/1980,335.28
9/27/1980,336.03
10/4/1980,335.83
10/11/1980,335.87
10/18/1980,336.1
10/25/1980,336.42
11/1/1980,336.65
11/8/1980,336.98
11/15/1980,337.14
11/22/1980,337.31
11/29/1980,337.41
12/6/1980,337.77
12/13/1980,338.1
12/20/1980,338.39
12/27/1980,338.72
1/3/1981,338.94
1/10/1981,339.13
1/17/1981,339.39
1/24/1981,339.36
1/31/1981,339.55
2/7/1981,340.57
2/14/1981,340.04
2/21/1981,340.2
2/28/1981,341.11
3/7/1981,340.73
3/14/1981,341.04
3/21/1981,341.89
3/28/1981,342.19
4/4/1981,342.42
4/11/1981,342.49
4/18/1981,342.78
4/25/1981,342.3
5/2/1981,342.95
5/9/1981,343
5/16/1981,342.8
5/23/1981,342.7
5/30/1981,342.75
6/6/1981,342.64
6/13/1981,342.54
6/20/1981,341.81
6/27/1981,341.64
7/4/1981,341.05
7/11/1981,340.87
7/18/1981,339.76
7/25/1981,340.21
8/1/1981,339.56
8/8/1981,338.92
8/15/1981,338.48
8/22/1981,337.57
8/29/1981,337.73
9/5/1981,337.2
9/12/1981,337.03
9/19/1981,336.75
9/26/1981,335.95
10/3/1981,336.3
10/10/1981,336.65
10/17/1981,337.13
10/24/1981,337.22
10/31/1981,337.56
11/7/1981,337.87
11/14/1981,338.14
11/21/1981,338.57
11/28/1981,339.3
12/5/1981,339.29
12/12/1981,339.41
12/19/1981,339.65
12/26/1981,340.23
1/2/1982,340.28
1/9/1982,340.39
1/16/1982,340.72
1/23/1982,341.13
1/30/1982,341.29
2/6/1982,341.94
2/13/1982,341.11
2/20/1982,341.14
2/27/1982,342.19
3/6/1982,342.66
3/13/1982,342.61
3/20/1982,342.78
3/27/1982,342.81
4/3/1982,342.96
4/10/1982,343.3
4/17/1982,343.5
4/24/1982,344.29
5/1/1982,343.83
5/8/1982,343.68
5/15/1982,344.29
5/22/1982,344.1
5/29/1982,344.1
6/5/1982,343.48
6/12/1982,343.5
6/19/1982,343.46
6/26/1982,342.91
7/3/1982,342.53
7/10/1982,342.03
7/17/1982,342.02
7/24/1982,341.81
7/31/1982,341.31
8/7/1982,340.57
8/14/1982,340.06
8/21/1982,339.71
8/28/1982,338.32
9/4/1982,338.88
9/11/1982,338.61
9/18/1982,337.84
9/25/1982,336.92
10/2/1982,337.32
10/9/1982,338.09
10/16/1982,337.6
10/23/1982,337.94
10/30/1982,338.7
11/6/1982,338.49
11/13/1982,339.2
11/20/1982,339.72
11/27/1982,339.88
12/4/1982,339.86
12/11/1982,340.43
12/18/1982,340.71
12/25/1982,340.82
1/1/1983,340.94
1/8/1983,341.44
1/15/1983,341.57
1/22/1983,341.25
1/29/1983,341.72
2/5/1983,342
2/12/1983,342.77
2/19/1983,342.5
2/26/1983,342.84
3/5/1983,342.38
3/12/1983,342.58
3/19/1983,344.06
3/26/1983,343.81
4/2/1983,344.02
4/9/1983,344.89
4/16/1983,345.07
4/23/1983,345.32
4/30/1983,345.46
5/7/1983,345.43
5/14/1983,345.77
5/21/1983,345.85
5/28/1983,345.76
6/4/1983,345.68
6/11/1983,345.6
6/18/1983,345.04
6/25/1983,344.97
7/2/1983,344.74
7/9/1983,344.59
7/16/1983,343.73
7/23/1983,343.66
7/30/1983,342.6
8/6/1983,343.05
8/13/1983,341.7
8/20/1983,342.14
8/27/1983,341.8
9/3/1983,339.94
9/10/1983,339.99
9/17/1983,339.86
9/24/1983,339.98
10/1/1983,339.87
10/8/1983,339.76
10/15/1983,340.12
10/22/1983,340.25
10/29/1983,340.37
11/5/1983,340.8
11/12/1983,341
11/19/1983,341.18
11/26/1983,341.7
12/3/1983,341.87
12/10/1983,342.85
12/17/1983,343.39
12/24/1983,343.61
12/31/1983,343.47
1/7/1984,343.78
1/14/1984,343.47
1/21/1984,343.5
1/28/1984,344.16
2/4/1984,344.35
2/11/1984,344.57
2/18/1984,344.33
2/25/1984,344.69
3/3/1984,344.88
3/10/1984,344.95
3/17/1984,345.45
3/24/1984,345.69
4/28/1984,347.47
5/5/1984,347.49
5/12/1984,347.78
5/19/1984,347.36
5/26/1984,347.03
6/2/1984,347.09
6/9/1984,347.02
6/16/1984,346.89
6/23/1984,346.37
6/30/1984,346.24
7/7/1984,345.82
7/14/1984,345.48
7/21/1984,345.25
7/28/1984,344.48
8/4/1984,344.05
8/11/1984,344.12
8/18/1984,343.19
8/25/1984,342.05
9/1/1984,341.65
9/8/1984,340.65
9/15/1984,341.37
9/22/1984,341.31
9/29/1984,340.85
10/6/1984,341.19
10/13/1984,341.3
10/20/1984,341.91
10/27/1984,341.67
11/3/1984,342.01
11/10/1984,342.65
11/17/1984,343.14
11/24/1984,343.75
12/1/1984,343.6
12/8/1984,343.95
12/15/1984,344.23
12/22/1984,344.58
12/29/1984,344.57
1/5/1985,344.77
1/12/1985,345.01
1/19/1985,345.01
1/26/1985,345.08
2/2/1985,345.95
2/9/1985,345.54
2/16/1985,345.82
2/23/1985,346.37
3/2/1985,346.77
3/9/1985,347.11
3/16/1985,347.58
3/23/1985,347.7
3/30/1985,348.27
4/6/1985,348.04
4/13/1985,348.08
4/20/1985,348.52
4/27/1985,348.84
5/4/1985,348.89
5/11/1985,349.31
5/18/1985,349.18
5/25/1985,348.18
6/1/1985,349.05
6/8/1985,348.49
6/15/1985,348.24
6/22/1985,347.9
6/29/1985,347.47
7/6/1985,346.9
7/13/1985,346.8
7/20/1985,346.43
7/27/1985,345.79
8/10/1985,344.7
8/17/1985,344.5
8/24/1985,344.38
8/31/1985,343.76
9/7/1985,344.29
9/14/1985,343.37
9/21/1985,342.46
9/28/1985,342.13
10/5/1985,342.4
10/12/1985,342.5
10/19/1985,343.14
10/26/1985,343.22
11/2/1985,343.38
11/9/1985,343.77
11/16/1985,344.25
11/23/1985,344.64
11/30/1985,345.3
12/7/1985,345.37
12/14/1985,345.67
12/21/1985,345.17
12/28/1985,346.3
1/4/1986,346.44
1/11/1986,346.09
1/18/1986,346.25
1/25/1986,346.46
2/1/1986,346.22
2/8/1986,346.84
2/15/1986,347.18
2/22/1986,347.2
3/1/1986,347.07
3/8/1986,346.65
3/15/1986,347.22
3/22/1986,349.15
3/29/1986,348.87
4/5/1986,349.21
4/12/1986,349.45
4/19/1986,349.34
4/26/1986,350.2
5/3/1986,349.99
5/10/1986,350.14
5/17/1986,350.23
5/24/1986,350.13
5/31/1986,350.18
6/7/1986,349.73
6/14/1986,349.54
6/21/1986,349.48
6/28/1986,348.92
7/5/1986,348.69
7/12/1986,347.77
7/19/1986,347.61
7/26/1986,347.41
8/2/1986,346.65
8/9/1986,346.23
8/16/1986,345.59
8/23/1986,345.62
8/30/1986,345.27
9/6/1986,345.05
9/13/1986,345.32
9/20/1986,344.43
9/27/1986,344.51
10/4/1986,343.99
10/11/1986,344.11
10/18/1986,343.99
10/25/1986,344.57
11/1/1986,345.17
11/8/1986,345.35
11/15/1986,345.63
11/22/1986,345.72
11/29/1986,346.41
12/6/1986,346.92
12/13/1986,346.77
12/20/1986,346.97
12/27/1986,347.08
1/3/1987,347.62
1/10/1987,348.37
1/17/1987,348.27
1/24/1987,347.96
1/31/1987,348.03
2/7/1987,347.91
2/14/1987,348.25
2/21/1987,348.54
2/28/1987,349.47
3/7/1987,348.85
3/14/1987,349.27
3/21/1987,349.79
3/28/1987,350.2
4/4/1987,350.82
4/11/1987,350.27
4/18/1987,351.19
4/25/1987,351.39
5/2/1987,351.43
5/9/1987,352
5/16/1987,351.73
5/23/1987,351.91
5/30/1987,351.78
6/6/1987,351.65
6/13/1987,351.17
6/20/1987,351
6/27/1987,350.94
7/4/1987,349.76
7/11/1987,349.84
7/18/1987,348.87
7/25/1987,349.51
8/1/1987,349.04
8/8/1987,348.15
8/15/1987,348.62
8/22/1987,348.01
8/29/1987,346.71
9/5/1987,347.05
9/12/1987,346.65
9/19/1987,346.29
9/26/1987,345.85
10/3/1987,345.77
10/10/1987,346.34
10/17/1987,346.59
10/24/1987,346.8
10/31/1987,346.91
11/7/1987,347.34
11/14/1987,347.65
11/21/1987,348.16
11/28/1987,348.75
12/5/1987,348.66
12/12/1987,348.82
12/19/1987,349.12
12/26/1987,349.29
1/2/1988,349.78
1/9/1988,350.28
1/16/1988,350.21
1/23/1988,350.79
1/30/1988,351.22
2/6/1988,351.81
2/13/1988,351.31
2/20/1988,351.53
2/27/1988,352.55
3/5/1988,352.88
3/12/1988,351.88
3/19/1988,351.78
3/26/1988,352.23
4/2/1988,353.13
4/9/1988,353.57
4/16/1988,353.15
4/23/1988,354
4/30/1988,354.23
5/7/1988,353.76
5/14/1988,354.3
5/21/1988,354.52
5/28/1988,354.2
6/4/1988,354.18
6/11/1988,354.2
6/18/1988,353.61
6/25/1988,353.19
7/2/1988,353.08
7/9/1988,352.56
7/16/1988,352.65
7/23/1988,351.96
7/30/1988,351.13
8/6/1988,350.95
8/13/1988,350.3
8/20/1988,350.49
8/27/1988,349.61
9/3/1988,349.38
9/10/1988,348.73
9/17/1988,348.95
9/24/1988,348.19
10/1/1988,348.82
10/8/1988,348.88
10/15/1988,348.68
10/22/1988,349.42
10/29/1988,349.29
11/5/1988,349.78
11/12/1988,349.89
11/19/1988,350.18
11/26/1988,350.48
12/3/1988,350.5
12/10/1988,351.02
12/17/1988,351.6
12/24/1988,351.36
12/31/1988,352.4
1/7/1989,352.77
1/14/1989,352.97
1/21/1989,352.51
1/28/1989,353.06
2/4/1989,352.83
2/11/1989,352.64
2/18/1989,353.22
2/25/1989,353.48
3/4/1989,353.17
3/11/1989,353.46
3/18/1989,353.55
3/25/1989,354.48
4/1/1989,354.56
4/8/1989,355.05
4/15/1989,355.41
4/22/1989,356.01
4/29/1989,355.9
5/6/1989,355.36
5/13/1989,355.82
5/20/1989,355.64
5/27/1989,355.76
6/3/1989,355.8
6/10/1989,355.09
6/17/1989,354.87
6/24/1989,354.9
7/1/1989,354.5
7/8/1989,354.76
7/15/1989,353.85
7/22/1989,353.19
7/29/1989,353.21
8/5/1989,352.62
8/12/1989,352.24
8/19/1989,351.16
8/26/1989,350.43
9/2/1989,350.79
9/9/1989,350.28
9/16/1989,349.41
9/23/1989,349.31
9/30/1989,349.71
10/7/1989,349.97
10/14/1989,349.74
10/21/1989,350.24
10/28/1989,350.47
11/4/1989,350.66
11/11/1989,351.29
11/18/1989,351.6
11/25/1989,351.46
12/2/1989,352.09
12/9/1989,352.16
12/16/1989,352.48
12/23/1989,352.59
12/30/1989,353.44
1/6/1990,353.47
1/13/1990,353.55
1/20/1990,353.8
1/27/1990,353.96
2/3/1990,354.13
2/10/1990,355.02
2/17/1990,354.87
2/24/1990,354.78
3/3/1990,355.72
3/10/1990,354.99
3/17/1990,355.84
3/24/1990,355.17
3/31/1990,355.95
4/7/1990,356.17
4/14/1990,355.9
4/21/1990,356.68
4/28/1990,356.18
5/5/1990,357.3
5/12/1990,357.09
5/19/1990,356.99
5/26/1990,357.13
6/2/1990,357.01
6/9/1990,356.63
6/16/1990,355.68
6/23/1990,355.53
6/30/1990,355.79
7/7/1990,355.51
7/14/1990,354
7/21/1990,354.59
7/28/1990,354.72
8/4/1990,353.56
8/11/1990,353.23
8/18/1990,352.92
8/25/1990,352.01
9/1/1990,350.99
9/8/1990,350.75
9/15/1990,351.33
9/22/1990,350.97
9/29/1990,350.92
10/6/1990,351.1
10/13/1990,351.08
10/20/1990,351.48
10/27/1990,351.47
11/3/1990,352.12
11/10/1990,352.62
11/17/1990,353.05
11/24/1990,353.18
12/1/1990,353.61
12/8/1990,354.07
12/15/1990,353.87
12/22/1990,354.51
12/29/1990,354.89
1/5/1991,354.28
1/12/1991,354.73
1/19/1991,354.86
1/26/1991,355.05
2/2/1991,355.22
2/9/1991,355.23
2/16/1991,356.4
2/23/1991,355.83
3/2/1991,356.41
3/9/1991,357.21
3/16/1991,357.69
3/23/1991,356.96
3/30/1991,357.94
4/6/1991,358.32
4/13/1991,357.83
4/20/1991,359.19
4/27/1991,359.24
5/4/1991,359.11
5/11/1991,358.94
5/18/1991,360.03
5/25/1991,359.08
6/1/1991,358.52
6/8/1991,358.46
6/15/1991,358.22
6/22/1991,358.12
6/29/1991,357.74
7/6/1991,357.27
7/13/1991,356.54
7/20/1991,355.26
7/27/1991,355.3
8/3/1991,354.89
8/10/1991,354.6
8/17/1991,353.78
8/24/1991,353.07
8/31/1991,353.22
9/7/1991,353.06
9/14/1991,352.12
9/21/1991,351.84
9/28/1991,351.69
10/5/1991,351.7
10/12/1991,352.18
10/19/1991,352.53
10/26/1991,352.72
11/2/1991,353.47
11/9/1991,353.76
11/16/1991,353.56
11/23/1991,353.86
11/30/1991,354.35
12/7/1991,354.54
12/14/1991,354.97
12/21/1991,355.22
12/28/1991,355.5
1/4/1992,355.69
1/11/1992,356.07
1/18/1992,356.19
1/25/1992,355.96
2/1/1992,356.05
2/8/1992,356.73
2/15/1992,357.33
2/22/1992,356.99
2/29/1992,356.58
3/7/1992,357.3
3/14/1992,357.8
3/21/1992,358.18
3/28/1992,358.42
4/4/1992,358.57
4/11/1992,358.99
4/18/1992,359.75
4/25/1992,359.25
5/2/1992,359.69
5/9/1992,359.73
5/16/1992,358.6
5/23/1992,359.65
5/30/1992,360.25
6/6/1992,360.03
6/13/1992,359.48
6/20/1992,358.75
6/27/1992,358.45
7/4/1992,358.47
7/11/1992,357.2
7/18/1992,356.37
7/25/1992,356.1
8/1/1992,354.99
8/8/1992,355.33
8/15/1992,355.32
8/22/1992,354.59
8/29/1992,354.34
9/5/1992,353.53
9/12/1992,353.66
9/19/1992,352.37
9/26/1992,352.75
10/3/1992,353.6
10/10/1992,353.38
10/17/1992,353.24
10/24/1992,353.51
10/31/1992,353.56
11/7/1992,353.99
11/14/1992,353.86
11/21/1992,354.57
11/28/1992,354.64
12/5/1992,354.85
12/12/1992,355.37
12/19/1992,355.46
12/26/1992,355.97
1/2/1993,356.29
1/9/1993,356.96
1/16/1993,356.72
1/23/1993,356.66
1/30/1993,357.03
2/6/1993,356.62
2/13/1993,357.23
2/20/1993,357.36
2/27/1993,357.68
3/6/1993,358.39
3/13/1993,358.52
3/20/1993,358.13
3/27/1993,358.85
4/3/1993,359.17
4/10/1993,358.87
4/17/1993,359.42
4/24/1993,360.03
5/1/1993,359.62
5/8/1993,359.78
5/15/1993,360.7
5/22/1993,360.62
5/29/1993,360.35
6/5/1993,359.79
6/12/1993,359.92
6/19/1993,359.34
6/26/1993,359.15
7/3/1993,357.91
7/10/1993,358.02
7/17/1993,358.1
7/24/1993,356.69
7/31/1993,356.52
8/7/1993,355.88
8/14/1993,355.95
8/21/1993,354.9
8/28/1993,354.72
9/4/1993,354.3
9/11/1993,353.23
9/18/1993,353.81
9/25/1993,353.86
10/2/1993,353.8
10/9/1993,353.87
10/16/1993,354
10/23/1993,354.45
10/30/1993,354.38
11/6/1993,354.78
11/13/1993,355.16
11/20/1993,355.65
11/27/1993,356.03
12/4/1993,356.27
12/11/1993,356.52
12/18/1993,356.99
12/25/1993,357.5
1/1/1994,358.14
1/8/1994,358.12
1/15/1994,358.43
1/22/1994,358.33
1/29/1994,358.78
2/5/1994,358.49
2/12/1994,358.61
2/19/1994,359.02
2/26/1994,359.64
3/5/1994,358.77
3/12/1994,359.86
3/19/1994,360.49
3/26/1994,360.83
4/2/1994,360.68
4/9/1994,361.01
4/16/1994,361.07
4/23/1994,361.34
4/30/1994,362.25
5/7/1994,361.63
5/14/1994,361.42
5/21/1994,361.78
5/28/1994,361.91
6/4/1994,361.04
6/11/1994,361.07
6/18/1994,360.93
6/25/1994,360.7
7/2/1994,360.22
7/9/1994,359.9
7/16/1994,359.43
7/23/1994,359
7/30/1994,358.81
8/6/1994,358.1
8/13/1994,357.52
8/20/1994,357.63
8/27/1994,356.39
9/3/1994,356.44
9/10/1994,356.46
9/17/1994,355.46
9/24/1994,355.5
10/1/1994,355.46
10/8/1994,355.81
10/15/1994,356.09
10/22/1994,356.39
10/29/1994,356.61
11/5/1994,356.97
11/12/1994,357.4
11/19/1994,357.93
11/26/1994,358.11
12/3/1994,358.43
12/10/1994,359.13
12/17/1994,359.25
12/24/1994,359.15
12/31/1994,359.52
1/7/1995,359.68
1/14/1995,360.28
1/21/1995,360.12
1/28/1995,360.04
2/4/1995,360.67
2/11/1995,361.09
2/18/1995,360.88
2/25/1995,361.36
3/4/1995,362.2
3/11/1995,361.24
3/18/1995,360.99
3/25/1995,362
4/1/1995,363.8
4/8/1995,363.44
4/15/1995,363.34
4/22/1995,362.89
4/29/1995,363.58
5/6/1995,363.24
5/13/1995,364.11
5/20/1995,364.18
5/27/1995,363.47
6/3/1995,363.92
6/10/1995,363.47
6/17/1995,362.96
6/24/1995,362.81
7/1/1995,362.53
7/8/1995,362.27
7/15/1995,361.97
7/22/1995,361.58
7/29/1995,360.98
8/5/1995,360.45
8/12/1995,359.21
8/19/1995,358.72
8/26/1995,359.29
9/2/1995,357.37
9/9/1995,358.5
9/16/1995,358.58
9/23/1995,358.2
9/30/1995,357.56
10/7/1995,357.65
10/14/1995,357.6
10/21/1995,358.04
10/28/1995,358.23
11/4/1995,359.19
11/11/1995,359.43
11/18/1995,359.69
11/25/1995,359.87
12/2/1995,360.13
12/9/1995,360.43
12/16/1995,360.53
12/23/1995,360.89
12/30/1995,361.73
1/6/1996,361.81
1/13/1996,362.06
1/20/1996,362.17
1/27/1996,362.23
2/3/1996,362.68
2/10/1996,363.12
2/17/1996,363.01
2/24/1996,364.03
3/2/1996,363.84
3/9/1996,363.66
3/16/1996,364.1
3/23/1996,364.53
3/30/1996,364.35
4/6/1996,364.57
4/13/1996,364.89
4/20/1996,364.4
4/27/1996,365.13
5/4/1996,364.92
5/11/1996,365.37
5/18/1996,365.74
5/25/1996,365.43
6/1/1996,364.86
6/8/1996,365.19
6/15/1996,365.27
6/22/1996,365
6/29/1996,364.3
7/6/1996,364.19
7/13/1996,363.75
7/20/1996,363.38
7/27/1996,362.84
8/3/1996,361.78
8/10/1996,362.1
8/17/1996,361.29
8/24/1996,360.85
8/31/1996,360.82
9/7/1996,359.86
9/14/1996,359.82
9/21/1996,359.09
9/28/1996,359.04
10/5/1996,359.45
10/12/1996,359.52
10/19/1996,359.86
10/26/1996,359.87
11/2/1996,359.94
11/9/1996,360.52
11/16/1996,360.79
11/23/1996,361.24
11/30/1996,361.4
12/7/1996,361.97
12/14/1996,362.68
12/21/1996,362.47
12/28/1996,362.62
1/4/1997,362.95
1/11/1997,363
1/18/1997,363.16
1/25/1997,363.51
2/1/1997,363.28
2/8/1997,364.19
2/15/1997,364.02
2/22/1997,364.24
3/1/1997,364.5
3/8/1997,364.16
3/15/1997,364.19
3/22/1997,364.75
3/29/1997,365.43
4/5/1997,365.8
4/12/1997,366.25
4/19/1997,366.69
4/26/1997,366.79
5/3/1997,366.76
5/10/1997,366.8
5/17/1997,367.03
5/24/1997,366.61
5/31/1997,366.36
6/7/1997,365.71
6/14/1997,365.61
6/21/1997,365.53
6/28/1997,365.16
7/5/1997,365.09
7/12/1997,364.67
7/19/1997,364.11
7/26/1997,363.8
8/2/1997,363.39
8/9/1997,363.36
8/16/1997,362.63
8/23/1997,361.51
8/30/1997,361.66
9/6/1997,360.69
9/13/1997,360.26
9/20/1997,360.08
9/27/1997,359.81
10/4/1997,360.54
10/11/1997,360.49
10/18/1997,361.07
10/25/1997,361.13
11/1/1997,361.71
11/8/1997,362.19
11/15/1997,362.06
11/22/1997,362.65
11/29/1997,363.51
12/6/1997,363.97
12/13/1997,363.95
12/20/1997,364.27
12/27/1997,365.09
1/3/1998,365.24
1/10/1998,365.3
1/17/1998,365.35
1/24/1998,365.38
1/31/1998,365.69
2/7/1998,366.06
2/14/1998,365.52
2/21/1998,366.08
2/28/1998,367.36
3/7/1998,367.02
3/14/1998,366.66
3/21/1998,367.49
3/28/1998,368.57
4/4/1998,368.69
4/11/1998,368.68
4/18/1998,368.05
4/25/1998,368.9
5/2/1998,369.17
5/9/1998,368.83
5/16/1998,368.51
5/23/1998,369.66
5/30/1998,369.7
6/6/1998,369.41
6/13/1998,368.88
6/20/1998,368.54
6/27/1998,368.36
7/4/1998,368.05
7/11/1998,367.54
7/18/1998,367.67
7/25/1998,367.36
8/1/1998,366.88
8/8/1998,366.46
8/15/1998,365.64
8/22/1998,365.63
8/29/1998,364.25
9/5/1998,364.74
9/12/1998,363.96
9/19/1998,363.5
9/26/1998,363.6
10/3/1998,364.01
10/10/1998,364.17
10/17/1998,364.46
10/24/1998,364.49
10/31/1998,364.7
11/7/1998,365.05
11/14/1998,365.48
11/21/1998,365.8
11/28/1998,366
12/5/1998,366.46
12/12/1998,366.74
12/19/1998,367.3
12/26/1998,367.38
1/2/1999,367.58
1/9/1999,367.87
1/16/1999,367.8
1/23/1999,368.33
1/30/1999,369.25
2/6/1999,369.19
2/13/1999,368.9
2/20/1999,369.05
2/27/1999,368.52
3/6/1999,368.13
3/13/1999,369.58
3/20/1999,370.27
3/27/1999,370.65
4/3/1999,371.11
4/10/1999,371.59
4/17/1999,371.07
4/24/1999,370.32
5/1/1999,370.82
5/8/1999,371.33
5/15/1999,371.09
5/22/1999,370.89
5/29/1999,370.41
6/5/1999,370.98
6/12/1999,370.33
6/19/1999,369.97
6/26/1999,369.97
7/3/1999,369.49
7/10/1999,370.15
7/17/1999,369.54
7/24/1999,368.66
7/31/1999,367.48
8/7/1999,367.65
8/14/1999,366.77
8/21/1999,366.44
8/28/1999,366.16
9/4/1999,364.22
9/11/1999,364.75
9/18/1999,365.25
9/25/1999,364.74
10/2/1999,364.62
10/9/1999,365.11
10/16/1999,364.94
10/23/1999,365.7
10/30/1999,365.81
11/6/1999,366.24
11/13/1999,366.75
11/20/1999,366.74
11/27/1999,367.2
12/4/1999,367.47
12/11/1999,368.1
12/18/1999,368.05
12/25/1999,368.27
1/1/2000,368.74
1/8/2000,368.63
1/15/2000,369.12
1/22/2000,369.93
1/29/2000,369.35
2/5/2000,369.18
2/12/2000,369.66
2/19/2000,369.45
2/26/2000,369.61
3/4/2000,370.11
3/11/2000,370.09
3/18/2000,370.98
3/25/2000,370.86
4/1/2000,371.04
4/8/2000,371.81
4/15/2000,371.91
4/22/2000,372.1
4/29/2000,371.37
5/6/2000,371.36
5/13/2000,371.83
5/20/2000,372.01
5/27/2000,371.91
6/3/2000,371.98
6/10/2000,371.71
6/17/2000,371.82
6/24/2000,371.41
7/1/2000,370.96
7/8/2000,370.17
7/15/2000,370.29
7/22/2000,369.85
7/29/2000,369.1
8/5/2000,368.86
8/12/2000,368.46
8/19/2000,367.78
8/26/2000,367.25
9/2/2000,367.28
9/9/2000,366.84
9/16/2000,366.35
9/23/2000,366.34
9/30/2000,366.54
10/7/2000,366.42
10/14/2000,366.75
10/21/2000,366.79
10/28/2000,367.46
11/4/2000,367.78
11/11/2000,368.1
11/18/2000,368.76
11/25/2000,368.42
12/2/2000,369.1
12/9/2000,369.74
12/16/2000,369.41
12/23/2000,369.64
12/30/2000,369.91
1/6/2001,369.95
1/13/2001,370.35
1/20/2001,370.1
1/27/2001,370.91
2/3/2001,371.45
2/10/2001,371.29
2/17/2001,371.82
2/24/2001,371.33
3/3/2001,372.34
3/10/2001,372.32
3/17/2001,372.23
3/24/2001,371.97
3/31/2001,372.18
4/7/2001,372.82
4/14/2001,372.84
4/21/2001,373.17
4/28/2001,372.91
5/5/2001,373.83
5/12/2001,374.08
5/19/2001,373.85
5/26/2001,374.05
6/2/2001,374
6/9/2001,373.27
6/16/2001,372.98
6/23/2001,373.04
6/30/2001,372.9
7/7/2001,372.29
7/14/2001,371.51
7/21/2001,371.36
7/28/2001,370.76
8/4/2001,370.07
8/11/2001,369.7
8/18/2001,369.43
8/25/2001,369.15
9/1/2001,368.61
9/8/2001,368.34
9/15/2001,368.18
9/22/2001,367.61
9/29/2001,367.56
10/6/2001,367.93
10/13/2001,367.73
10/20/2001,368.23
10/27/2001,368.92
11/3/2001,368.87
11/10/2001,369.03
11/17/2001,369.84
11/24/2001,370.44
12/1/2001,370.51
12/8/2001,371.03
12/15/2001,371.34
12/22/2001,371.51
12/29/2001,371.67
1/5/2002,371.94
1/12/2002,372.26
1/19/2002,373.04
1/26/2002,372.46
2/2/2002,372.85
2/9/2002,372.93
2/16/2002,372.84
2/23/2002,373.4
3/2/2002,373.29
3/9/2002,373.47
3/16/2002,373.37
3/23/2002,373.51
3/30/2002,374.29
4/6/2002,374.5
4/13/2002,374.55
4/20/2002,375.06
4/27/2002,375.47
5/4/2002,375.78
5/11/2002,374.95
5/18/2002,375.24
5/25/2002,375.92
6/1/2002,375.78
6/8/2002,375.66
6/15/2002,375.12
6/22/2002,375.5
6/29/2002,374.47
7/6/2002,374.62
7/13/2002,374.13
7/20/2002,373.68
7/27/2002,373.16
8/3/2002,372.93
8/10/2002,371.73
8/17/2002,371.03
8/24/2002,370.87
8/31/2002,370.12
9/7/2002,371.39
9/14/2002,371.16
9/21/2002,370.45
9/28/2002,369.97
10/5/2002,369.68
10/12/2002,370.04
10/19/2002,371.06
10/26/2002,370.44
11/2/2002,371.67
11/9/2002,371.55
11/16/2002,372.08
11/23/2002,372.69
11/30/2002,372.65
12/7/2002,373.32
12/14/2002,373.44
12/21/2002,374.16
12/28/2002,374.6
1/4/2003,374.49
1/11/2003,374.46
1/18/2003,374.82
1/25/2003,374.89
2/1/2003,375.23
2/8/2003,374.81
2/15/2003,375.7
2/22/2003,376.36
3/1/2003,375.82
3/8/2003,375.89
3/15/2003,375.76
3/22/2003,376.44
3/29/2003,376.82
4/5/2003,376.81
4/12/2003,377.3
4/19/2003,378.11
4/26/2003,378.46
5/3/2003,378.11
5/10/2003,377.49
5/17/2003,378.79
5/24/2003,378.71
5/31/2003,378.29
6/7/2003,378.39
6/21/2003,377.34
6/28/2003,377.85
7/5/2003,376.43
7/12/2003,377.05
7/19/2003,376.7
7/26/2003,375.98
8/2/2003,375.48
8/9/2003,374.67
8/16/2003,374.06
8/23/2003,374.47
8/30/2003,373.48
9/6/2003,373.09
9/13/2003,372.76
9/20/2003,373.08
9/27/2003,373.03
10/4/2003,372.87
10/25/2003,373.33
11/1/2003,373.5
11/8/2003,373.76
11/15/2003,374.45
11/22/2003,375.21
11/29/2003,374.72
12/6/2003,374.47
12/13/2003,376.15
12/20/2003,376.05
12/27/2003,376.43
1/3/2004,376.17
1/10/2004,376.17
1/17/2004,377.01
1/24/2004,377.29
1/31/2004,377.49
2/7/2004,377.47
2/14/2004,377
2/21/2004,377.35
2/28/2004,377.67
3/6/2004,378.05
3/13/2004,379.4
3/20/2004,378.47
3/27/2004,378.5
4/3/2004,380.09
4/10/2004,380.41
4/17/2004,380.56
4/24/2004,380.71
5/1/2004,380.28
5/8/2004,381.04
5/15/2004,380.51
5/22/2004,380.33
5/29/2004,380.66
6/5/2004,379.62
6/12/2004,380
6/19/2004,379.3
6/26/2004,379.07
7/3/2004,378.44
7/10/2004,378.04
7/17/2004,377.33
7/24/2004,376.99
7/31/2004,377.35
8/7/2004,376.56
8/14/2004,375.84
8/21/2004,375.7
8/28/2004,374.62
9/4/2004,373.82
9/11/2004,374.57
9/18/2004,374.14
9/25/2004,373.8
10/2/2004,374.01
10/9/2004,373.95
10/16/2004,374.05
10/23/2004,374.58
10/30/2004,375.02
11/6/2004,375.06
11/13/2004,376.13
11/20/2004,376.46
11/27/2004,376.13
12/4/2004,377.09
12/11/2004,377.37
12/18/2004,377.5
12/25/2004,377.68
1/1/2005,378.06
1/8/2005,378.21
1/15/2005,378.36
1/22/2005,378.34
1/29/2005,378.66
2/5/2005,379.02
2/12/2005,379.31
2/19/2005,380.25
3/26/2005,380.57
4/2/2005,382.07
4/9/2005,382.25
4/16/2005,381.35
4/23/2005,382.08
4/30/2005,382.38
5/7/2005,381.51
5/14/2005,382.53
5/21/2005,382.14
5/28/2005,382.58
6/4/2005,382.36
6/11/2005,382.31
6/18/2005,382.12
6/25/2005,381.48
7/2/2005,381.15
7/9/2005,380.9
7/16/2005,380.63
7/23/2005,380.36
7/30/2005,379.86
8/6/2005,379.21
8/13/2005,378.97
8/20/2005,378.4
8/27/2005,377.69
9/3/2005,377.82
9/10/2005,376.33
9/17/2005,376.14
9/24/2005,375.95
10/1/2005,376.33
10/8/2005,376.44
10/15/2005,377.12
10/22/2005,377.31
10/29/2005,377.24
11/5/2005,377.76
11/12/2005,378.07
11/19/2005,378.75
11/26/2005,378.77
12/3/2005,379.41
12/10/2005,380.09
12/17/2005,380.09
12/24/2005,380.14
12/31/2005,380.43
1/7/2006,381.28
1/14/2006,381.41
1/21/2006,381.57
1/28/2006,381.47
2/4/2006,382.04
2/25/2006,381.86
3/4/2006,382.39
3/11/2006,382.55
3/18/2006,382.74
3/25/2006,382.55
4/1/2006,382.97
4/8/2006,384.65
4/15/2006,384.67
4/22/2006,384.71
4/29/2006,384.62
5/6/2006,384.91
5/13/2006,384.87
5/20/2006,385.34
5/27/2006,384.3
6/3/2006,384.29
6/10/2006,384.31
6/17/2006,384.07
6/24/2006,383.55
7/1/2006,383
7/8/2006,382.78
7/15/2006,381.28
7/22/2006,381.81
7/29/2006,381.55
8/5/2006,381.22
8/12/2006,380.63
8/19/2006,380.2
8/26/2006,379.77
9/2/2006,379.52
9/9/2006,378.66
9/16/2006,378.8
9/23/2006,378.49
9/30/2006,379
10/7/2006,378.78
10/14/2006,379.14
10/21/2006,379.22
10/28/2006,379.57
11/4/2006,379.67
11/11/2006,379.81
11/18/2006,379.98
11/25/2006,381.42
12/2/2006,381.31
12/9/2006,381.6
12/16/2006,381.81
12/23/2006,381.96
12/30/2006,381.76
1/6/2007,382.64
1/13/2007,382.36
1/20/2007,381.84
2/3/2007,383.09
2/10/2007,383.6
2/17/2007,384.22
2/24/2007,383.76
3/3/2007,383.71
3/10/2007,383.64
3/17/2007,384.28
3/24/2007,384.96
3/31/2007,385.93
4/7/2007,385.46
4/14/2007,386.3
4/21/2007,387
4/28/2007,386.42
5/5/2007,385.85
5/12/2007,386.54
5/19/2007,386.03
5/26/2007,386.93
6/2/2007,386.6
6/9/2007,386.23
6/16/2007,386.29
6/23/2007,384.95
6/30/2007,384.85
7/7/2007,384.92
7/14/2007,384.75
7/21/2007,383.97
7/28/2007,383.41
8/4/2007,382.51
8/11/2007,381.72
8/18/2007,381.6
8/25/2007,381.67
9/1/2007,381.69
9/8/2007,380.74
9/15/2007,380.75
9/22/2007,380.94
9/29/2007,380.8
10/6/2007,380.68
10/13/2007,380.68
10/20/2007,381.1
10/27/2007,381.36
11/3/2007,381.76
11/10/2007,381.92
11/17/2007,382.43
11/24/2007,382.91
12/1/2007,382.9
12/8/2007,383.31
12/15/2007,383.79
12/22/2007,383.9
12/29/2007,384.04
1/5/2008,384.36
1/12/2008,384.41
1/19/2008,385.47
1/26/2008,386.06
2/2/2008,386.19
2/9/2008,385.72
2/16/2008,385.58
2/23/2008,385.24
3/1/2008,384.88
3/8/2008,385.88
3/15/2008,385.64
3/22/2008,386.17
3/29/2008,386.7
4/5/2008,388
4/12/2008,385.9
4/19/2008,386.38
4/26/2008,387.19
5/3/2008,386.94
5/10/2008,388.9
5/17/2008,388.84
5/24/2008,388.53
5/31/2008,388.48
6/7/2008,388.16
6/14/2008,387.79
6/21/2008,387.54
6/28/2008,388.11
7/5/2008,387.08
7/12/2008,386.11
7/19/2008,385.73
7/26/2008,385.96
8/2/2008,384.91
8/9/2008,384.68
8/16/2008,383.89
8/23/2008,383.55
8/30/2008,383.16
9/6/2008,383.18
9/13/2008,383.37
9/20/2008,382.98
9/27/2008,382.92
10/4/2008,382.66
10/11/2008,382.72
10/18/2008,382.96
10/25/2008,382.94
11/1/2008,383.61
11/8/2008,383.6
11/15/2008,384.03
11/22/2008,384.32
11/29/2008,384.46
12/6/2008,384.77
12/13/2008,384.89
12/20/2008,385.15
12/27/2008,385.8
1/3/2009,386.01
1/10/2009,386.53
1/17/2009,386.64
1/24/2009,387.05
1/31/2009,387.26
2/7/2009,386.51
2/14/2009,387.44
2/21/2009,387.4
2/28/2009,387.48
3/7/2009,388.54
3/14/2009,388.64
3/21/2009,388.44
3/28/2009,389.17
4/4/2009,389.39
4/11/2009,389.74
4/18/2009,388.67
4/25/2009,390.37
5/2/2009,390.16
5/9/2009,389.87
5/16/2009,390.3
5/23/2009,390.76
5/30/2009,389.35
6/6/2009,390.46
6/13/2009,390.01
6/20/2009,388.88
6/27/2009,388.72
7/4/2009,388.3
7/11/2009,388.68
7/18/2009,388.03
7/25/2009,387.48
8/1/2009,387.16
8/8/2009,386.67
8/15/2009,385.27
8/22/2009,386.05
8/29/2009,385.65
9/5/2009,385.3
9/12/2009,384.48
9/19/2009,384.61
9/26/2009,384.51
10/3/2009,383.43
10/10/2009,384.28
10/17/2009,384.55
10/24/2009,384.79
10/31/2009,385.18
11/7/2009,385.6
11/14/2009,386.09
11/21/2009,386.31
11/28/2009,386.73
12/5/2009,386.91
12/12/2009,386.81
12/19/2009,388.04
12/26/2009,388.19
1/2/2010,388.41
1/9/2010,388.17
1/16/2010,388.69
1/23/2010,388.59
1/30/2010,389.04
2/6/2010,390.91
2/13/2010,389.78
2/20/2010,390.84
2/27/2010,389.38
3/6/2010,391.07
3/13/2010,391.37
3/20/2010,391.55
3/27/2010,390.08
4/3/2010,391.15
4/10/2010,391.6
4/17/2010,393.27
4/24/2010,393.27
5/1/2010,392.99
5/8/2010,392.97
5/15/2010,393.13
5/22/2010,393.55
5/29/2010,393.02
6/5/2010,393.08
6/12/2010,392.35
6/19/2010,391.73
6/26/2010,391.46
7/3/2010,391.01
7/10/2010,390.2
7/17/2010,389.91
7/24/2010,390.12
7/31/2010,389.49
8/7/2010,389.06
8/14/2010,388.76
8/21/2010,388.12
8/28/2010,387.42
9/4/2010,386.91
9/11/2010,386.85
9/18/2010,386.97
9/25/2010,386.87
10/2/2010,386.75
10/9/2010,386.98
10/16/2010,387.03
10/23/2010,387.8
10/30/2010,387.78
11/6/2010,387.95
11/13/2010,388.27
11/20/2010,389.11
11/27/2010,389.59
12/4/2010,389.88
12/11/2010,389.75
12/18/2010,389.58
12/25/2010,389.96
1/1/2011,390.5
1/8/2011,391.61
1/15/2011,391.06
1/22/2011,391.25
1/29/2011,392
2/5/2011,391.89
2/12/2011,391.52
2/19/2011,391.82
2/26/2011,392.5
3/5/2011,391.59
3/12/2011,391.94
3/19/2011,392.43
3/26/2011,394.11
4/2/2011,393.4
4/9/2011,392.71
4/16/2011,393.73
4/23/2011,393.22
4/30/2011,393.59
5/7/2011,393.36
5/14/2011,393.84
5/21/2011,395.12
5/28/2011,394.49
6/4/2011,394.08
6/11/2011,393.42
6/18/2011,393.92
6/25/2011,393.37
7/2/2011,393.31
7/9/2011,393.61
7/16/2011,392.64
7/23/2011,391.13
7/30/2011,391.77
8/6/2011,390.76
8/13/2011,390.53
8/20/2011,389.82
8/27/2011,389.41
9/3/2011,389.23
9/10/2011,389.17
9/17/2011,389.15
9/24/2011,388.86
10/1/2011,388.91
10/8/2011,388.74
10/15/2011,388.91
10/22/2011,389.09
10/29/2011,389.45
11/5/2011,389.64
11/12/2011,390.24
11/19/2011,390.44
11/26/2011,390.77
12/3/2011,391.08
12/10/2011,391.7
12/17/2011,392.24
12/24/2011,392.09
12/31/2011,392.26
1/7/2012,392.92
1/14/2012,393.61
1/21/2012,393.04
1/28/2012,393.03
2/4/2012,392.43
2/11/2012,393.45
2/18/2012,393.97
2/25/2012,393.62
3/3/2012,394.17
3/10/2012,393.38
3/17/2012,394.79
3/24/2012,395.15
3/31/2012,394.91
4/7/2012,396.45
4/14/2012,396.38
4/21/2012,396.56
4/28/2012,396.7
5/5/2012,397.08
5/12/2012,397.28
5/19/2012,396.56
5/26/2012,396.28
6/2/2012,396.03
6/9/2012,396.02
6/16/2012,395.86
6/23/2012,395.73
6/30/2012,395.41
7/7/2012,394.86
7/14/2012,394.59
7/21/2012,394.35
7/28/2012,393.6
8/4/2012,393.39
8/11/2012,392.93
8/18/2012,392.31
8/25/2012,391.7
9/1/2012,391.98
9/8/2012,391
9/15/2012,391.03
9/22/2012,391.02
9/29/2012,390.99
10/20/2012,391.29
10/27/2012,391.46
11/3/2012,391.76
11/10/2012,392.77
11/17/2012,393.42
11/24/2012,393.36
12/1/2012,393.61
12/8/2012,394.05
12/15/2012,394.46
12/22/2012,394.83
12/29/2012,394.62
1/5/2013,394.99
1/12/2013,395.57
1/19/2013,396.21
1/26/2013,395.64
2/2/2013,396.39
2/9/2013,396.46
2/16/2013,397.31
2/23/2013,396.88
3/2/2013,397.13
3/9/2013,396.64
3/16/2013,397.25
3/23/2013,397.21
3/30/2013,398.39
4/6/2013,398.05
4/13/2013,397.43
4/20/2013,398.76
4/27/2013,399.33
5/4/2013,399.64
5/11/2013,399.78
5/18/2013,400.04
5/25/2013,400.22
6/1/2013,399.43
6/8/2013,398.91
6/15/2013,398.58
6/22/2013,398.5
6/29/2013,398.65
7/6/2013,397.56
7/13/2013,397.48
7/20/2013,396.83
7/27/2013,396.98
8/3/2013,396.61
8/10/2013,395.55
8/17/2013,395.24
8/24/2013,394.73
8/31/2013,394.33
9/7/2013,393.52
9/14/2013,393.25
9/21/2013,393.53
9/28/2013,393.22
10/5/2013,393.47
10/12/2013,393.52
10/19/2013,393.93
10/26/2013,394.13
11/2/2013,394.39
11/9/2013,395.25
11/16/2013,394.85
11/23/2013,395.66
11/30/2013,396.06
12/7/2013,396.27
12/14/2013,396.52
12/21/2013,397.3
12/28/2013,397.59
1/4/2014,397.9
1/11/2014,397.82
1/18/2014,398.13
1/25/2014,397.75
2/1/2014,398.02
2/8/2014,397.98
2/15/2014,397.79
2/22/2014,398.24
3/1/2014,397.92
3/8/2014,398.88
3/15/2014,400.68
3/22/2014,399.62
3/29/2014,400.34
4/5/2014,401.32
4/12/2014,401.22
4/19/2014,401.29
4/26/2014,401.42
5/3/2014,401.74
5/10/2014,401.51
5/17/2014,402.18
5/24/2014,401.44
5/31/2014,402.12
6/7/2014,401.55
6/14/2014,401.31
6/21/2014,401.21
6/28/2014,400.57
7/5/2014,400.06
7/12/2014,399.58
7/19/2014,398.54
7/26/2014,397.86
8/2/2014,397.86
8/9/2014,397.45
8/16/2014,397.23
8/23/2014,396.75
8/30/2014,396.37
9/6/2014,396.35
9/13/2014,394.8
9/20/2014,395.32
9/27/2014,395.55
10/4/2014,395.57
10/11/2014,395.49
10/18/2014,395.72
10/25/2014,395.91
11/1/2014,396.52
11/8/2014,396.9
11/15/2014,397.34
11/22/2014,397.24
11/29/2014,398.1
12/6/2014,398.26
12/13/2014,398.92
12/20/2014,399.09
12/27/2014,399.01
1/3/2015,399.92
1/10/2015,399.86
1/17/2015,399.72
1/24/2015,399.98
1/31/2015,400.2
2/7/2015,400.02
2/14/2015,400.15
2/21/2015,400.36
2/28/2015,401.03
3/7/2015,401.63
3/14/2015,401.8
3/21/2015,400.79
3/28/2015,402.5
4/4/2015,402.74
4/11/2015,403.88
4/18/2015,403.8
4/25/2015,403.22
5/2/2015,404.07
5/9/2015,404.09
5/16/2015,404.31
5/23/2015,403.85
5/30/2015,403.81
6/6/2015,403.45
6/13/2015,402.72
6/20/2015,402.63
6/27/2015,402.36
7/4/2015,402.25
7/11/2015,401.71
7/18/2015,401.02
7/25/2015,401.3
8/1/2015,398.74
8/8/2015,399.21
8/15/2015,399.12
8/22/2015,399.03
8/29/2015,398.8
9/5/2015,398.16
9/12/2015,397.1
9/19/2015,397.57
9/26/2015,397.42
10/3/2015,397.74
10/10/2015,398.51
10/17/2015,398.61
10/24/2015,398.43
10/31/2015,398.87
11/7/2015,399.53
11/14/2015,400.75
11/21/2015,400.42
11/28/2015,400.83
12/5/2015,400.91
12/12/2015,402.4
12/19/2015,402.32
12/26/2015,402.01
1/2/2016,402.25
1/9/2016,402.23
1/16/2016,402.68
1/23/2016,403.26
1/30/2016,402.79
2/6/2016,404.98
2/13/2016,403.22
2/20/2016,404.59
2/27/2016,403.98
3/5/2016,403.99
3/12/2016,404.51
3/19/2016,405.01
3/26/2016,406.16
4/2/2016,405.7
4/9/2016,408.56
4/16/2016,408.16
4/23/2016,407.7
4/30/2016,407.84
5/7/2016,407.51
5/14/2016,407.54
5/21/2016,407.41
5/28/2016,407.92
6/4/2016,407.52
6/11/2016,406.99
6/18/2016,407.02
6/25/2016,406.4
7/2/2016,405.96
7/9/2016,404.93
7/16/2016,403.64
7/23/2016,403.71
7/30/2016,403.76
8/6/2016,403.22
8/13/2016,402.11
8/20/2016,401.78
8/27/2016,401.43
9/3/2016,401.27
9/10/2016,401.13
9/17/2016,401.25
9/24/2016,400.85
10/1/2016,400.82
10/8/2016,401.2
10/15/2016,401.7
10/22/2016,401.82
10/29/2016,402.38
11/5/2016,403.15
11/12/2016,403.12
11/19/2016,403.95
11/26/2016,404.44
12/3/2016,404.16
12/10/2016,404.28
12/17/2016,404.63
12/24/2016,404.66
12/31/2016,405.38
1/7/2017,405.94
1/14/2017,405.91
1/21/2017,406.37
1/28/2017,406.35
2/4/2017,406.2
2/11/2017,406.02
2/18/2017,406.17
2/25/2017,408.07
3/4/2017,407.06
3/11/2017,406.53
3/18/2017,406.73
3/25/2017,407.89
4/1/2017,408.66
4/8/2017,407.19
4/15/2017,409.12
4/22/2017,409.89
4/29/2017,409.04
5/6/2017,409.54
5/13/2017,409.83
5/20/2017,410.18
5/27/2017,409.88
6/3/2017,409.67
6/10/2017,409.62
6/17/2017,408.82
6/24/2017,408.43
7/1/2017,407.77
7/8/2017,407.68
7/15/2017,407.11
7/22/2017,406.76
7/29/2017,406.5
8/5/2017,405.93
8/12/2017,405.55
8/19/2017,404.81
8/26/2017,404.54
9/2/2017,404.1
9/9/2017,403.39
9/16/2017,403.44
9/23/2017,402.95
9/30/2017,402.73
10/7/2017,403.19
10/14/2017,403.6
10/21/2017,404.05
10/28/2017,404.25
11/4/2017,404.28
11/11/2017,404.51
11/18/2017,405.53
11/25/2017,406.36
12/2/2017,406.85
12/9/2017,406.16
12/16/2017,406.5
12/23/2017,407.07
12/30/2017,407.24
1/6/2018,407.96
1/13/2018,408.08
1/20/2018,408.26
1/27/2018,408.05
2/3/2018,407.63
2/10/2018,408.41
2/17/2018,408.46
2/24/2018,408.69
3/3/2018,408.77
3/10/2018,409.64
3/17/2018,408.69
3/24/2018,409.77
3/31/2018,409.63
4/7/2018,409.41
4/14/2018,410.1
4/21/2018,411.36
4/28/2018,410.58
5/5/2018,409.75
5/12/2018,411.62
5/19/2018,411.43
5/26/2018,411.81
6/2/2018,411.15
6/9/2018,411.24
6/16/2018,410.56
6/23/2018,410.81
6/30/2018,410.19
7/7/2018,409.29
7/14/2018,409.07
7/21/2018,408.49
7/28/2018,408.08
8/4/2018,407.36
8/11/2018,407.28
8/18/2018,407.07
8/25/2018,406.63
9/1/2018,405.98
9/8/2018,405.61
9/15/2018,405.6
9/22/2018,405.69
9/29/2018,405.56
10/6/2018,405.56
10/13/2018,405.91
10/20/2018,406.42
10/27/2018,406.51
11/3/2018,406.83
11/10/2018,407.69
11/17/2018,409.11
11/24/2018,408.46
12/1/2018,408.56
12/8/2018,408.92
12/15/2018,409.56
12/22/2018,409.73
12/29/2018,409.26
1/5/2019,410.32
1/12/2019,409.73
1/19/2019,412.31
1/26/2019,410.91
2/2/2019,410.97
2/9/2019,412.12
2/16/2019,411.79
2/23/2019,411.46
3/2/2019,412.08
3/9/2019,412.26
3/16/2019,412.87
3/23/2019,410.73
3/30/2019,412.37
4/6/2019,412.62
4/13/2019,413.36
4/20/2019,413.94
4/27/2019,414.27
5/4/2019,414.41
5/11/2019,414.95
5/18/2019,415.08
5/25/2019,414.66
6/1/2019,414.21
6/8/2019,414.45
6/15/2019,413.85
6/22/2019,413.68
6/29/2019,413.38
7/6/2019,412.69
7/13/2019,412.3
7/20/2019,411.76
7/27/2019,410.32
8/3/2019,410.5
8/10/2019,410.48
8/17/2019,410.05
8/24/2019,409.52
8/31/2019,409.32
9/7/2019,408.8
9/14/2019,408.61
9/21/2019,408.5
9/28/2019,408.28
